{
  "Targets": [],
  "Joints": [
    {
      "green": 130,
      "q_w": 1,
      "q_y": 0,
      "q_x": 0,
      "q_z": 0,
      "reference": "",
      "red": 173,
      "blue": 249,
      "name": "J0",
      "x": -0.0019040749175474048,
      "y": -1.4996637105941772,
      "z": -4.221776485443115,
      "constraint": {"type": "none"},
      "radius": 0.9999998807907104
    },
    {
      "green": 191,
      "q_w": 1,
      "q_y": 0,
      "q_x": 0,
      "q_z": 0,
      "reference": "J0",
      "red": 55,
      "blue": 195,
      "name": "J1",
      "x": 0.012626031413674355,
      "y": 1.6016733646392822,
      "z": 7.173705577850342,
      "constraint": {"type": "none"},
      "radius": 0.9999998807907104
    },
    {
      "green": 187,
      "q_w": 1,
      "q_y": 0,
      "q_x": 0,
      "q_z": 0,
      "reference": "J1",
      "red": 96,
      "blue": 156,
      "name": "J2",
      "x": 7.545987609773874E-4,
      "y": 0.1425187587738037,
      "z": 6.326800346374512,
      "constraint": {"type": "none"},
      "radius": 0.9999998807907104
    },
    {
      "green": 143,
      "q_w": 1,
      "q_y": 0,
      "q_x": 0,
      "q_z": 0,
      "reference": "J0",
      "red": 141,
      "blue": 239,
      "name": "J3",
      "x": -0.0187901072204113,
      "y": -2.9538888931274414,
      "z": -3.253953695297241,
      "constraint": {"type": "none"},
      "radius": 0.9999998807907104
    },
    {
      "green": 21,
      "q_w": 1,
      "q_y": 0,
      "q_x": 0,
      "q_z": 0,
      "reference": "J3",
      "red": 117,
      "blue": 127,
      "name": "J4",
      "x": -0.02553044818341732,
      "y": -4.01353645324707,
      "z": -2.2449052333831787,
      "constraint": {"type": "none"},
      "radius": 0.9999998807907104
    },
    {
      "green": 200,
      "q_w": 1,
      "q_y": 0,
      "q_x": 0,
      "q_z": 0,
      "reference": "J0",
      "red": 132,
      "blue": 118,
      "name": "J5",
      "x": 0.006311105564236641,
      "y": 0.9922568798065186,
      "z": -3.938387155532837,
      "constraint": {"type": "none"},
      "radius": 0.9999998807907104
    },
    {
      "green": 154,
      "q_w": 1,
      "q_y": 0,
      "q_x": 0,
      "q_z": 0,
      "reference": "J5",
      "red": 161,
      "blue": 158,
      "name": "J6",
      "x": -8.140397653733089E-7,
      "y": -2.050552893706481E-6,
      "z": -4.966002464294434,
      "constraint": {"type": "none"},
      "radius": 0.9999998807907104
    },
    {
      "green": 60,
      "q_w": 1,
      "q_y": 0,
      "q_x": 0,
      "q_z": 0,
      "reference": "J6",
      "red": 150,
      "blue": 249,
      "name": "J7",
      "x": -0.001299204071983695,
      "y": -0.2040780931711197,
      "z": -6.598660945892334,
      "constraint": {"type": "none"},
      "radius": 0.9999998807907104
    },
    {
      "green": 1,
      "q_w": 1,
      "q_y": 0,
      "q_x": 0,
      "q_z": 0,
      "reference": "J0",
      "red": 43,
      "blue": 173,
      "name": "J8",
      "x": -5.247896194458008,
      "y": 2.9045193195343018,
      "z": 0.4835033416748047,
      "constraint": {"type": "none"},
      "radius": 0.9999998807907104
    },
    {
      "green": 72,
      "q_w": 1,
      "q_y": 0,
      "q_x": 0,
      "q_z": 0,
      "reference": "J8",
      "red": 24,
      "blue": 131,
      "name": "J9",
      "x": -11.372015953063965,
      "y": 5.631106853485107,
      "z": 1.08781099319458,
      "constraint": {"type": "none"},
      "radius": 0.9999998807907104
    },
    {
      "green": 161,
      "q_w": 1,
      "q_y": 0,
      "q_x": 0,
      "q_z": 0,
      "reference": "J9",
      "red": 39,
      "blue": 235,
      "name": "J10",
      "x": -17.19666290283203,
      "y": 5.2643513679504395,
      "z": 1.5431452989578247,
      "constraint": {"type": "none"},
      "radius": 0.9999998807907104
    },
    {
      "green": 55,
      "q_w": 1,
      "q_y": 0,
      "q_x": 0,
      "q_z": 0,
      "reference": "J0",
      "red": 3,
      "blue": 162,
      "name": "J11",
      "x": 6.661116600036621,
      "y": 3.3628082275390625,
      "z": 0.584148108959198,
      "constraint": {"type": "none"},
      "radius": 0.9999998807907104
    },
    {
      "green": 102,
      "q_w": 1,
      "q_y": 0,
      "q_x": 0,
      "q_z": 0,
      "reference": "J11",
      "red": 26,
      "blue": 195,
      "name": "J12",
      "x": 10.657940864562988,
      "y": 5.455772399902344,
      "z": 1.3569505214691162,
      "constraint": {"type": "none"},
      "radius": 0.9999998807907104
    },
    {
      "green": 22,
      "q_w": 1,
      "q_y": 0,
      "q_x": 0,
      "q_z": 0,
      "reference": "J12",
      "red": 86,
      "blue": 52,
      "name": "J13",
      "x": 21.37862205505371,
      "y": 6.275155544281006,
      "z": 2.2638745307922363,
      "constraint": {"type": "none"},
      "radius": 0.9999998807907104
    }
  ]
}