[
  {
    "reference": "reference",
    "name": "j1",
    "x": 0,
    "q_w": 1,
    "y": 10.800000190734863,
    "z": 93,
    "q_y": 0,
    "q_x": 0,
    "radius": 2,
    "picking": -0.009999999776482582,
    "q_z": 0
  },
  {
    "reference": "j1",
    "name": "j2",
    "x": 0,
    "q_w": 1,
    "y": -8.5,
    "z": -38.29999923706055,
    "q_y": 0,
    "q_x": 0,
    "radius": 2,
    "picking": -0.009999999776482582,
    "q_z": 0
  },
  {
    "reference": "j2",
    "name": "j3",
    "x": 0,
    "q_w": 1,
    "y": -1.9000005722045898,
    "z": -32.70000076293945,
    "q_y": 0,
    "q_x": 0,
    "radius": 2,
    "picking": -0.009999999776482582,
    "q_z": 0
  },
  {
    "reference": "j3",
    "name": "j4",
    "x": 0,
    "q_w": 1,
    "y": -0.39999961853027344,
    "z": -39.999996185302734,
    "q_y": 0,
    "q_x": 0,
    "radius": 2,
    "picking": -0.009999999776482582,
    "q_z": 0
  },
  {
    "reference": "j4",
    "name": "j5",
    "x": 0,
    "q_w": 1,
    "y": 1.8000001907348633,
    "z": -36.000003814697266,
    "q_y": 0,
    "q_x": 0,
    "radius": 2,
    "picking": -0.009999999776482582,
    "q_z": 0
  },
  {
    "reference": "j5",
    "name": "j6",
    "x": 0,
    "q_w": 1,
    "y": -2.90000057220459,
    "z": -40.999996185302734,
    "q_y": 0,
    "q_x": 0,
    "radius": 2,
    "picking": -0.009999999776482582,
    "q_z": 0
  }
]